{"train_loss": [0.5933951213955879, 0.5237512588500977, 0.4720897376537323, 0.43036240339279175, 0.3965974897146225, 0.3691386431455612, 0.3468433991074562, 0.32866911590099335, 0.31367697566747665, 0.3011639714241028, 0.2906124070286751, 0.28161367028951645, 0.27385519072413445, 0.2671038657426834, 0.26117517799139023, 0.25592223554849625, 0.25123610347509384, 0.24703862518072128, 0.24327100068330765, 0.23988570272922516, 0.23684098944067955, 0.23409828916192055, 0.23162197321653366, 0.229380764067173, 0.22734801843762398, 0.22550151124596596, 0.22382258251309395, 0.2222953513264656, 0.22090572491288185, 0.21964126080274582, 0.21849054470658302, 0.21744341403245926, 0.21649061143398285, 0.21562379226088524, 0.214835524559021, 0.21411914750933647, 0.21346861124038696, 0.21287846937775612, 0.2123437151312828, 0.21185973286628723, 0.21142227947711945, 0.21102750301361084, 0.21067186072468758, 0.2103520967066288, 0.2100653387606144, 0.20980872958898544, 0.20957990363240242, 0.2093765027821064, 0.20919641479849815, 0.2090376764535904], "train_acc": [0.7743055555555556, 0.826388888888889, 0.8506944444444444, 0.8645833333333333, 0.8923611111111112, 0.8993055555555556, 0.9131944444444444, 0.9270833333333333, 0.9374999999999999, 0.9479166666666667, 0.9513888888888888, 0.9583333333333333, 0.9618055555555556, 0.9652777777777778, 0.9722222222222222, 0.9791666666666667, 0.9791666666666667, 0.982638888888889, 0.982638888888889, 0.982638888888889, 0.982638888888889, 0.9861111111111112, 0.9861111111111112, 0.9895833333333334, 0.9895833333333334, 0.9895833333333334, 0.9895833333333334, 0.9895833333333334, 0.9895833333333334, 0.9895833333333334, 0.9895833333333334, 0.9895833333333334, 0.9895833333333334, 0.9895833333333334, 0.9895833333333334, 0.9895833333333334, 0.9895833333333334, 0.9895833333333334, 0.9895833333333334, 0.9895833333333334, 0.9895833333333334, 0.9895833333333334, 0.9895833333333334, 0.9895833333333334, 0.9895833333333334, 0.9895833333333334, 0.9895833333333334, 0.9895833333333334, 0.9895833333333334, 0.9895833333333334], "val_loss": [0.9482548236846924, 0.8889936208724976, 0.8588868081569672, 0.8380144834518433, 0.8205033093690872, 0.8054817169904709, 0.7934731841087341, 0.7846048921346664, 0.7783103436231613, 0.7736759781837463, 0.769902691245079, 0.7666163891553879, 0.7638406604528427, 0.7617137730121613, 0.760239765048027, 0.7592372596263885, 0.7584476619958878, 0.7576767355203629, 0.7568664252758026, 0.7560673505067825, 0.7553572505712509, 0.7547707259654999, 0.7542834132909775, 0.7538403868675232, 0.7533963620662689, 0.752937987446785, 0.7524799853563309, 0.752045750617981, 0.7516496628522873, 0.7512920945882797, 0.750964030623436, 0.7506569176912308, 0.750365823507309, 0.7500913143157959, 0.7498353570699692, 0.7495984733104706, 0.7493792772293091, 0.7491754740476608, 0.7489846348762512, 0.748805046081543, 0.7486363500356674, 0.7484775334596634, 0.7483281046152115, 0.7481872737407684, 0.748054176568985, 0.7479285299777985, 0.7478097826242447, 0.7476975619792938, 0.7475915551185608, 0.7474910616874695], "val_acc": [0.6319444444444444, 0.638888888888889, 0.6631944444444445, 0.670138888888889, 0.6736111111111112, 0.6770833333333334, 0.6770833333333334, 0.6805555555555556, 0.6840277777777778, 0.6840277777777778, 0.6805555555555556, 0.6805555555555556, 0.6840277777777778, 0.6805555555555556, 0.6805555555555556, 0.6805555555555556, 0.6840277777777778, 0.6840277777777778, 0.6805555555555556, 0.6770833333333334, 0.6805555555555556, 0.6805555555555556, 0.6805555555555556, 0.6840277777777778, 0.6805555555555556, 0.6805555555555556, 0.6805555555555556, 0.6805555555555556, 0.6840277777777778, 0.6840277777777778, 0.6840277777777778, 0.6805555555555556, 0.6805555555555556, 0.6805555555555556, 0.6805555555555556, 0.6770833333333334, 0.6770833333333334, 0.6805555555555556, 0.6805555555555556, 0.6805555555555556, 0.6805555555555556, 0.6805555555555556, 0.6805555555555556, 0.6805555555555556, 0.6805555555555556, 0.6805555555555556, 0.6840277777777778, 0.6840277777777777, 0.6875, 0.6909722222222223]}